Group,Ind,locality,pop,q,likely_assignment,assignment_prob,name,longitude,latitude
1,CB0421,ST,P1,1e-4,P2,0.9996,P. benedetti,-105.044361,19.498028
1,CB0421,ST,P2,0.9996,P2,0.9996,P. benedetti,-105.044361,19.498028
1,CB0421,ST,P3,1e-4,P2,0.9996,P. benedetti,-105.044361,19.498028
1,CB0421,ST,P4,1e-4,P2,0.9996,P. benedetti,-105.044361,19.498028
1,CB0421,ST,P5,1e-4,P2,0.9996,P. benedetti,-105.044361,19.498028
1,CB0422,ST,P1,0.103011,P2,0.455332,P. benedetti,-105.044361,19.498028
1,CB0422,ST,P2,0.455332,P2,0.455332,P. benedetti,-105.044361,19.498028
1,CB0422,ST,P3,0.299702,P2,0.455332,P. benedetti,-105.044361,19.498028
1,CB0422,ST,P4,0.0719629,P2,0.455332,P. benedetti,-105.044361,19.498028
1,CB0422,ST,P5,0.0699926,P2,0.455332,P. benedetti,-105.044361,19.498028
1,CB0425,ST,P1,0.109654,P2,0.353563,P. benedetti,-105.044361,19.498028
1,CB0425,ST,P2,0.353563,P2,0.353563,P. benedetti,-105.044361,19.498028
1,CB0425,ST,P3,0.342184,P2,0.353563,P. benedetti,-105.044361,19.498028
1,CB0425,ST,P4,0.104779,P2,0.353563,P. benedetti,-105.044361,19.498028
1,CB0425,ST,P5,0.0898202,P2,0.353563,P. benedetti,-105.044361,19.498028
1,CB0430,ST,P1,0.0124818,P2,0.811769,P. benedetti,-105.044361,19.498028
1,CB0430,ST,P2,0.811769,P2,0.811769,P. benedetti,-105.044361,19.498028
1,CB0430,ST,P3,0.138774,P2,0.811769,P. benedetti,-105.044361,19.498028
1,CB0430,ST,P4,0.0199713,P2,0.811769,P. benedetti,-105.044361,19.498028
1,CB0430,ST,P5,0.017004,P2,0.811769,P. benedetti,-105.044361,19.498028
1,CB0431,ST,P1,0.145202,P2,0.351626,P. benedetti,-105.044361,19.498028
1,CB0431,ST,P2,0.351626,P2,0.351626,P. benedetti,-105.044361,19.498028
1,CB0431,ST,P3,0.301041,P2,0.351626,P. benedetti,-105.044361,19.498028
1,CB0431,ST,P4,0.115324,P2,0.351626,P. benedetti,-105.044361,19.498028
1,CB0431,ST,P5,0.0868067,P2,0.351626,P. benedetti,-105.044361,19.498028
1,CB0432,ST,P1,1e-4,P2,0.937959,P. benedetti,-105.044361,19.498028
1,CB0432,ST,P2,0.937959,P2,0.937959,P. benedetti,-105.044361,19.498028
1,CB0432,ST,P3,0.0617411,P2,0.937959,P. benedetti,-105.044361,19.498028
1,CB0432,ST,P4,1e-4,P2,0.937959,P. benedetti,-105.044361,19.498028
1,CB0432,ST,P5,1e-4,P2,0.937959,P. benedetti,-105.044361,19.498028
1,CB0433,ST,P1,0.116499,P2,0.418954,P. benedetti,-105.044361,19.498028
1,CB0433,ST,P2,0.418954,P2,0.418954,P. benedetti,-105.044361,19.498028
1,CB0433,ST,P3,0.309319,P2,0.418954,P. benedetti,-105.044361,19.498028
1,CB0433,ST,P4,0.0817333,P2,0.418954,P. benedetti,-105.044361,19.498028
1,CB0433,ST,P5,0.0734941,P2,0.418954,P. benedetti,-105.044361,19.498028
1,CB0434,ST,P1,0.0292683,P2,0.827392,P. benedetti,-105.044361,19.498028
1,CB0434,ST,P2,0.827392,P2,0.827392,P. benedetti,-105.044361,19.498028
1,CB0434,ST,P3,0.139049,P2,0.827392,P. benedetti,-105.044361,19.498028
1,CB0434,ST,P4,1e-4,P2,0.827392,P. benedetti,-105.044361,19.498028
1,CB0434,ST,P5,0.00419059,P2,0.827392,P. benedetti,-105.044361,19.498028
1,CB0435,ST,P1,0.105892,P2,0.476146,P. benedetti,-105.044361,19.498028
1,CB0435,ST,P2,0.476146,P2,0.476146,P. benedetti,-105.044361,19.498028
1,CB0435,ST,P3,0.276216,P2,0.476146,P. benedetti,-105.044361,19.498028
1,CB0435,ST,P4,0.0717523,P2,0.476146,P. benedetti,-105.044361,19.498028
1,CB0435,ST,P5,0.0699932,P2,0.476146,P. benedetti,-105.044361,19.498028
1,CB0436,ST,P1,1e-4,P2,0.90235,P. benedetti,-105.044361,19.498028
1,CB0436,ST,P2,0.90235,P2,0.90235,P. benedetti,-105.044361,19.498028
1,CB0436,ST,P3,0.0952255,P2,0.90235,P. benedetti,-105.044361,19.498028
1,CB0436,ST,P4,1e-4,P2,0.90235,P. benedetti,-105.044361,19.498028
1,CB0436,ST,P5,0.00222506,P2,0.90235,P. benedetti,-105.044361,19.498028
1,CB0437,ST,P1,0.117539,P2,0.401209,P. benedetti,-105.044361,19.498028
1,CB0437,ST,P2,0.401209,P2,0.401209,P. benedetti,-105.044361,19.498028
1,CB0437,ST,P3,0.316897,P2,0.401209,P. benedetti,-105.044361,19.498028
1,CB0437,ST,P4,0.0877325,P2,0.401209,P. benedetti,-105.044361,19.498028
1,CB0437,ST,P5,0.0766228,P2,0.401209,P. benedetti,-105.044361,19.498028
1,CB0438,ST,P1,0.101414,P2,0.585544,P. benedetti,-105.044361,19.498028
1,CB0438,ST,P2,0.585544,P2,0.585544,P. benedetti,-105.044361,19.498028
1,CB0438,ST,P3,0.226737,P2,0.585544,P. benedetti,-105.044361,19.498028
1,CB0438,ST,P4,0.047302,P2,0.585544,P. benedetti,-105.044361,19.498028
1,CB0438,ST,P5,0.0390019,P2,0.585544,P. benedetti,-105.044361,19.498028
1,CB0439,ST,P1,0.0218748,P2,0.807118,P. benedetti,-105.044361,19.498028
1,CB0439,ST,P2,0.807118,P2,0.807118,P. benedetti,-105.044361,19.498028
1,CB0439,ST,P3,0.149992,P2,0.807118,P. benedetti,-105.044361,19.498028
1,CB0439,ST,P4,0.00324906,P2,0.807118,P. benedetti,-105.044361,19.498028
1,CB0439,ST,P5,0.0177662,P2,0.807118,P. benedetti,-105.044361,19.498028
1,CB0442,ST,P1,1e-4,P2,0.935165,P. benedetti,-105.044361,19.498028
1,CB0442,ST,P2,0.935165,P2,0.935165,P. benedetti,-105.044361,19.498028
1,CB0442,ST,P3,0.0645354,P2,0.935165,P. benedetti,-105.044361,19.498028
1,CB0442,ST,P4,1e-4,P2,0.935165,P. benedetti,-105.044361,19.498028
1,CB0442,ST,P5,1e-4,P2,0.935165,P. benedetti,-105.044361,19.498028
1,CB0444,ST,P1,0.0186496,P2,0.795756,P. benedetti,-105.044361,19.498028
1,CB0444,ST,P2,0.795756,P2,0.795756,P. benedetti,-105.044361,19.498028
1,CB0444,ST,P3,0.144926,P2,0.795756,P. benedetti,-105.044361,19.498028
1,CB0444,ST,P4,0.0104068,P2,0.795756,P. benedetti,-105.044361,19.498028
1,CB0444,ST,P5,0.0302622,P2,0.795756,P. benedetti,-105.044361,19.498028
1,CB0445,ST,P1,0.0663696,P2,0.492427,P. benedetti,-105.044361,19.498028
1,CB0445,ST,P2,0.492427,P2,0.492427,P. benedetti,-105.044361,19.498028
1,CB0445,ST,P3,0.274912,P2,0.492427,P. benedetti,-105.044361,19.498028
1,CB0445,ST,P4,0.0793517,P2,0.492427,P. benedetti,-105.044361,19.498028
1,CB0445,ST,P5,0.0869398,P2,0.492427,P. benedetti,-105.044361,19.498028
1,CB0446,ST,P1,0.04329,P2,0.612129,P. benedetti,-105.044361,19.498028
1,CB0446,ST,P2,0.612129,P2,0.612129,P. benedetti,-105.044361,19.498028
1,CB0446,ST,P3,0.246566,P2,0.612129,P. benedetti,-105.044361,19.498028
1,CB0446,ST,P4,0.0336332,P2,0.612129,P. benedetti,-105.044361,19.498028
1,CB0446,ST,P5,0.0643823,P2,0.612129,P. benedetti,-105.044361,19.498028
1,CB0447,ST,P1,1e-4,P2,0.903464,P. benedetti,-105.044361,19.498028
1,CB0447,ST,P2,0.903464,P2,0.903464,P. benedetti,-105.044361,19.498028
1,CB0447,ST,P3,0.0812525,P2,0.903464,P. benedetti,-105.044361,19.498028
1,CB0447,ST,P4,1e-4,P2,0.903464,P. benedetti,-105.044361,19.498028
1,CB0447,ST,P5,0.0150837,P2,0.903464,P. benedetti,-105.044361,19.498028
1,CB0449,ST,P1,0.0941,P2,0.572124,P. benedetti,-105.044361,19.498028
1,CB0449,ST,P2,0.572124,P2,0.572124,P. benedetti,-105.044361,19.498028
1,CB0449,ST,P3,0.238441,P2,0.572124,P. benedetti,-105.044361,19.498028
1,CB0449,ST,P4,0.0536115,P2,0.572124,P. benedetti,-105.044361,19.498028
1,CB0449,ST,P5,0.0417235,P2,0.572124,P. benedetti,-105.044361,19.498028
1,CB0450,ST,P1,1e-4,P2,0.945574,P. benedetti,-105.044361,19.498028
1,CB0450,ST,P2,0.945574,P2,0.945574,P. benedetti,-105.044361,19.498028
1,CB0450,ST,P3,0.0541257,P2,0.945574,P. benedetti,-105.044361,19.498028
1,CB0450,ST,P4,1e-4,P2,0.945574,P. benedetti,-105.044361,19.498028
1,CB0450,ST,P5,1e-4,P2,0.945574,P. benedetti,-105.044361,19.498028
2,CB0451,PC,P1,0.116247,P4,0.388641,P. benedetti,-105.250278,19.771
2,CB0451,PC,P2,0.212328,P4,0.388641,P. benedetti,-105.250278,19.771
2,CB0451,PC,P3,0.233466,P4,0.388641,P. benedetti,-105.250278,19.771
2,CB0451,PC,P4,0.388641,P4,0.388641,P. benedetti,-105.250278,19.771
2,CB0451,PC,P5,0.0493187,P4,0.388641,P. benedetti,-105.250278,19.771
2,CB0452,PC,P1,0.062427,P4,0.609985,P. benedetti,-105.250278,19.771
2,CB0452,PC,P2,0.160437,P4,0.609985,P. benedetti,-105.250278,19.771
2,CB0452,PC,P3,0.115069,P4,0.609985,P. benedetti,-105.250278,19.771
2,CB0452,PC,P4,0.609985,P4,0.609985,P. benedetti,-105.250278,19.771
2,CB0452,PC,P5,0.0520828,P4,0.609985,P. benedetti,-105.250278,19.771
2,CB0453,PC,P1,0.132434,P3,0.300009,P. benedetti,-105.250278,19.771
2,CB0453,PC,P2,0.245978,P3,0.300009,P. benedetti,-105.250278,19.771
2,CB0453,PC,P3,0.300009,P3,0.300009,P. benedetti,-105.250278,19.771
2,CB0453,PC,P4,0.229723,P3,0.300009,P. benedetti,-105.250278,19.771
2,CB0453,PC,P5,0.091855,P3,0.300009,P. benedetti,-105.250278,19.771
2,CB0454,PC,P1,0.149488,P3,0.318552,P. benedetti,-105.250278,19.771
2,CB0454,PC,P2,0.285428,P3,0.318552,P. benedetti,-105.250278,19.771
2,CB0454,PC,P3,0.318552,P3,0.318552,P. benedetti,-105.250278,19.771
2,CB0454,PC,P4,0.180528,P3,0.318552,P. benedetti,-105.250278,19.771
2,CB0454,PC,P5,0.0660038,P3,0.318552,P. benedetti,-105.250278,19.771
2,CB0455,PC,P1,0.110829,P4,0.336711,P. benedetti,-105.250278,19.771
2,CB0455,PC,P2,0.230248,P4,0.336711,P. benedetti,-105.250278,19.771
2,CB0455,PC,P3,0.250535,P4,0.336711,P. benedetti,-105.250278,19.771
2,CB0455,PC,P4,0.336711,P4,0.336711,P. benedetti,-105.250278,19.771
2,CB0455,PC,P5,0.0716776,P4,0.336711,P. benedetti,-105.250278,19.771
2,CB0456,PC,P1,0.0410342,P4,0.925283,P. benedetti,-105.250278,19.771
2,CB0456,PC,P2,1e-4,P4,0.925283,P. benedetti,-105.250278,19.771
2,CB0456,PC,P3,0.0334829,P4,0.925283,P. benedetti,-105.250278,19.771
2,CB0456,PC,P4,0.925283,P4,0.925283,P. benedetti,-105.250278,19.771
2,CB0456,PC,P5,1e-4,P4,0.925283,P. benedetti,-105.250278,19.771
2,CB0457,PC,P1,0.084661,P4,0.363385,P. benedetti,-105.250278,19.771
2,CB0457,PC,P2,0.228738,P4,0.363385,P. benedetti,-105.250278,19.771
2,CB0457,PC,P3,0.24371,P4,0.363385,P. benedetti,-105.250278,19.771
2,CB0457,PC,P4,0.363385,P4,0.363385,P. benedetti,-105.250278,19.771
2,CB0457,PC,P5,0.0795061,P4,0.363385,P. benedetti,-105.250278,19.771
2,CB0458,PC,P1,1e-4,P4,0.9996,P. benedetti,-105.250278,19.771
2,CB0458,PC,P2,1e-4,P4,0.9996,P. benedetti,-105.250278,19.771
2,CB0458,PC,P3,1e-4,P4,0.9996,P. benedetti,-105.250278,19.771
2,CB0458,PC,P4,0.9996,P4,0.9996,P. benedetti,-105.250278,19.771
2,CB0458,PC,P5,1e-4,P4,0.9996,P. benedetti,-105.250278,19.771
2,CB0459,PC,P1,0.0623771,P4,0.649874,P. benedetti,-105.250278,19.771
2,CB0459,PC,P2,0.112697,P4,0.649874,P. benedetti,-105.250278,19.771
2,CB0459,PC,P3,0.144892,P4,0.649874,P. benedetti,-105.250278,19.771
2,CB0459,PC,P4,0.649874,P4,0.649874,P. benedetti,-105.250278,19.771
2,CB0459,PC,P5,0.0301589,P4,0.649874,P. benedetti,-105.250278,19.771
2,CB0460,PC,P1,0.132797,P3,0.319599,P. benedetti,-105.250278,19.771
2,CB0460,PC,P2,0.203009,P3,0.319599,P. benedetti,-105.250278,19.771
2,CB0460,PC,P3,0.319599,P3,0.319599,P. benedetti,-105.250278,19.771
2,CB0460,PC,P4,0.298427,P3,0.319599,P. benedetti,-105.250278,19.771
2,CB0460,PC,P5,0.0461686,P3,0.319599,P. benedetti,-105.250278,19.771
2,CB0461,PC,P1,0.0991968,P4,0.348305,P. benedetti,-105.250278,19.771
2,CB0461,PC,P2,0.254762,P4,0.348305,P. benedetti,-105.250278,19.771
2,CB0461,PC,P3,0.239955,P4,0.348305,P. benedetti,-105.250278,19.771
2,CB0461,PC,P4,0.348305,P4,0.348305,P. benedetti,-105.250278,19.771
2,CB0461,PC,P5,0.0577806,P4,0.348305,P. benedetti,-105.250278,19.771
2,CB0462,PC,P1,0.113441,P4,0.355572,P. benedetti,-105.250278,19.771
2,CB0462,PC,P2,0.233693,P4,0.355572,P. benedetti,-105.250278,19.771
2,CB0462,PC,P3,0.230331,P4,0.355572,P. benedetti,-105.250278,19.771
2,CB0462,PC,P4,0.355572,P4,0.355572,P. benedetti,-105.250278,19.771
2,CB0462,PC,P5,0.0669635,P4,0.355572,P. benedetti,-105.250278,19.771
2,CB0463,PC,P1,1e-4,P4,0.919447,P. benedetti,-105.250278,19.771
2,CB0463,PC,P2,0.0330738,P4,0.919447,P. benedetti,-105.250278,19.771
2,CB0463,PC,P3,0.0308732,P4,0.919447,P. benedetti,-105.250278,19.771
2,CB0463,PC,P4,0.919447,P4,0.919447,P. benedetti,-105.250278,19.771
2,CB0463,PC,P5,0.016506,P4,0.919447,P. benedetti,-105.250278,19.771
2,CB0464,PC,P1,1e-4,P4,0.9996,P. benedetti,-105.250278,19.771
2,CB0464,PC,P2,1e-4,P4,0.9996,P. benedetti,-105.250278,19.771
2,CB0464,PC,P3,1e-4,P4,0.9996,P. benedetti,-105.250278,19.771
2,CB0464,PC,P4,0.9996,P4,0.9996,P. benedetti,-105.250278,19.771
2,CB0464,PC,P5,1e-4,P4,0.9996,P. benedetti,-105.250278,19.771
2,CB0465,PC,P1,0.117396,P4,0.46888,P. benedetti,-105.250278,19.771
2,CB0465,PC,P2,0.186188,P4,0.46888,P. benedetti,-105.250278,19.771
2,CB0465,PC,P3,0.160234,P4,0.46888,P. benedetti,-105.250278,19.771
2,CB0465,PC,P4,0.46888,P4,0.46888,P. benedetti,-105.250278,19.771
2,CB0465,PC,P5,0.0673021,P4,0.46888,P. benedetti,-105.250278,19.771
2,CB0466,PC,P1,0.079273,P4,0.479648,P. benedetti,-105.250278,19.771
2,CB0466,PC,P2,0.20208,P4,0.479648,P. benedetti,-105.250278,19.771
2,CB0466,PC,P3,0.173641,P4,0.479648,P. benedetti,-105.250278,19.771
2,CB0466,PC,P4,0.479648,P4,0.479648,P. benedetti,-105.250278,19.771
2,CB0466,PC,P5,0.0653574,P4,0.479648,P. benedetti,-105.250278,19.771
2,CB0468,PC,P1,1e-4,P4,0.9996,P. benedetti,-105.250278,19.771
2,CB0468,PC,P2,1e-4,P4,0.9996,P. benedetti,-105.250278,19.771
2,CB0468,PC,P3,1e-4,P4,0.9996,P. benedetti,-105.250278,19.771
2,CB0468,PC,P4,0.9996,P4,0.9996,P. benedetti,-105.250278,19.771
2,CB0468,PC,P5,1e-4,P4,0.9996,P. benedetti,-105.250278,19.771
3,CB0481,LG,P1,0.138009,P3,0.326311,P. benedetti,-105.098,19.888917
3,CB0481,LG,P2,0.314023,P3,0.326311,P. benedetti,-105.098,19.888917
3,CB0481,LG,P3,0.326311,P3,0.326311,P. benedetti,-105.098,19.888917
3,CB0481,LG,P4,0.117142,P3,0.326311,P. benedetti,-105.098,19.888917
3,CB0481,LG,P5,0.104515,P3,0.326311,P. benedetti,-105.098,19.888917
3,CB0482,LG,P1,0.155565,P3,0.37363,P. benedetti,-105.098,19.888917
3,CB0482,LG,P2,0.263317,P3,0.37363,P. benedetti,-105.098,19.888917
3,CB0482,LG,P3,0.37363,P3,0.37363,P. benedetti,-105.098,19.888917
3,CB0482,LG,P4,0.142599,P3,0.37363,P. benedetti,-105.098,19.888917
3,CB0482,LG,P5,0.0648895,P3,0.37363,P. benedetti,-105.098,19.888917
3,CB0483,LG,P1,0.133487,P3,0.335555,P. benedetti,-105.098,19.888917
3,CB0483,LG,P2,0.316728,P3,0.335555,P. benedetti,-105.098,19.888917
3,CB0483,LG,P3,0.335555,P3,0.335555,P. benedetti,-105.098,19.888917
3,CB0483,LG,P4,0.112947,P3,0.335555,P. benedetti,-105.098,19.888917
3,CB0483,LG,P5,0.101282,P3,0.335555,P. benedetti,-105.098,19.888917
3,CB0485,LG,P1,0.0792256,P3,0.458462,P. benedetti,-105.098,19.888917
3,CB0485,LG,P2,0.170398,P3,0.458462,P. benedetti,-105.098,19.888917
3,CB0485,LG,P3,0.458462,P3,0.458462,P. benedetti,-105.098,19.888917
3,CB0485,LG,P4,0.200213,P3,0.458462,P. benedetti,-105.098,19.888917
3,CB0485,LG,P5,0.0917014,P3,0.458462,P. benedetti,-105.098,19.888917
3,CB0486,LG,P1,0.152347,P3,0.330102,P. benedetti,-105.098,19.888917
3,CB0486,LG,P2,0.308875,P3,0.330102,P. benedetti,-105.098,19.888917
3,CB0486,LG,P3,0.330102,P3,0.330102,P. benedetti,-105.098,19.888917
3,CB0486,LG,P4,0.111409,P3,0.330102,P. benedetti,-105.098,19.888917
3,CB0486,LG,P5,0.0972665,P3,0.330102,P. benedetti,-105.098,19.888917
3,CB0487,LG,P1,0.103711,P3,0.42037,P. benedetti,-105.098,19.888917
3,CB0487,LG,P2,0.221713,P3,0.42037,P. benedetti,-105.098,19.888917
3,CB0487,LG,P3,0.42037,P3,0.42037,P. benedetti,-105.098,19.888917
3,CB0487,LG,P4,0.169013,P3,0.42037,P. benedetti,-105.098,19.888917
3,CB0487,LG,P5,0.0851918,P3,0.42037,P. benedetti,-105.098,19.888917
3,CB0488,LG,P1,0.135492,P3,0.376652,P. benedetti,-105.098,19.888917
3,CB0488,LG,P2,0.282035,P3,0.376652,P. benedetti,-105.098,19.888917
3,CB0488,LG,P3,0.376652,P3,0.376652,P. benedetti,-105.098,19.888917
3,CB0488,LG,P4,0.138077,P3,0.376652,P. benedetti,-105.098,19.888917
3,CB0488,LG,P5,0.0677448,P3,0.376652,P. benedetti,-105.098,19.888917
3,CB0489,LG,P1,0.136088,P3,0.423429,P. benedetti,-105.098,19.888917
3,CB0489,LG,P2,0.209094,P3,0.423429,P. benedetti,-105.098,19.888917
3,CB0489,LG,P3,0.423429,P3,0.423429,P. benedetti,-105.098,19.888917
3,CB0489,LG,P4,0.195437,P3,0.423429,P. benedetti,-105.098,19.888917
3,CB0489,LG,P5,0.0359526,P3,0.423429,P. benedetti,-105.098,19.888917
3,CB0490,LG,P1,0.137421,P3,0.365401,P. benedetti,-105.098,19.888917
3,CB0490,LG,P2,0.292215,P3,0.365401,P. benedetti,-105.098,19.888917
3,CB0490,LG,P3,0.365401,P3,0.365401,P. benedetti,-105.098,19.888917
3,CB0490,LG,P4,0.128595,P3,0.365401,P. benedetti,-105.098,19.888917
3,CB0490,LG,P5,0.0763675,P3,0.365401,P. benedetti,-105.098,19.888917
3,CB0491,LG,P1,0.142872,P3,0.355642,P. benedetti,-105.098,19.888917
3,CB0491,LG,P2,0.294751,P3,0.355642,P. benedetti,-105.098,19.888917
3,CB0491,LG,P3,0.355642,P3,0.355642,P. benedetti,-105.098,19.888917
3,CB0491,LG,P4,0.116001,P3,0.355642,P. benedetti,-105.098,19.888917
3,CB0491,LG,P5,0.0907346,P3,0.355642,P. benedetti,-105.098,19.888917
3,CB0492,LG,P1,0.09437,P3,0.492644,P. benedetti,-105.098,19.888917
3,CB0492,LG,P2,0.143735,P3,0.492644,P. benedetti,-105.098,19.888917
3,CB0492,LG,P3,0.492644,P3,0.492644,P. benedetti,-105.098,19.888917
3,CB0492,LG,P4,0.269152,P3,0.492644,P. benedetti,-105.098,19.888917
3,CB0492,LG,P5,1e-4,P3,0.492644,P. benedetti,-105.098,19.888917
4,CB0516,P-35,P1,0.143816,P3,0.360819,P. benedetti,-104.878861,19.61925
4,CB0516,P-35,P2,0.302981,P3,0.360819,P. benedetti,-104.878861,19.61925
4,CB0516,P-35,P3,0.360819,P3,0.360819,P. benedetti,-104.878861,19.61925
4,CB0516,P-35,P4,0.102142,P3,0.360819,P. benedetti,-104.878861,19.61925
4,CB0516,P-35,P5,0.090241,P3,0.360819,P. benedetti,-104.878861,19.61925
4,CB0517,P-35,P1,0.142295,P3,0.342844,P. benedetti,-104.878861,19.61925
4,CB0517,P-35,P2,0.321041,P3,0.342844,P. benedetti,-104.878861,19.61925
4,CB0517,P-35,P3,0.342844,P3,0.342844,P. benedetti,-104.878861,19.61925
4,CB0517,P-35,P4,0.103368,P3,0.342844,P. benedetti,-104.878861,19.61925
4,CB0517,P-35,P5,0.0904526,P3,0.342844,P. benedetti,-104.878861,19.61925
4,CB0518,P-35,P1,0.0766759,P3,0.515335,P. benedetti,-104.878861,19.61925
4,CB0518,P-35,P2,0.315213,P3,0.515335,P. benedetti,-104.878861,19.61925
4,CB0518,P-35,P3,0.515335,P3,0.515335,P. benedetti,-104.878861,19.61925
4,CB0518,P-35,P4,0.0570816,P3,0.515335,P. benedetti,-104.878861,19.61925
4,CB0518,P-35,P5,0.0356948,P3,0.515335,P. benedetti,-104.878861,19.61925
4,CB0519,P-35,P1,1e-4,P3,0.709572,P. benedetti,-104.878861,19.61925
4,CB0519,P-35,P2,0.290128,P3,0.709572,P. benedetti,-104.878861,19.61925
4,CB0519,P-35,P3,0.709572,P3,0.709572,P. benedetti,-104.878861,19.61925
4,CB0519,P-35,P4,1e-4,P3,0.709572,P. benedetti,-104.878861,19.61925
4,CB0519,P-35,P5,1e-4,P3,0.709572,P. benedetti,-104.878861,19.61925
4,CB0520,P-35,P1,0.120681,P3,0.429437,P. benedetti,-104.878861,19.61925
4,CB0520,P-35,P2,0.309699,P3,0.429437,P. benedetti,-104.878861,19.61925
4,CB0520,P-35,P3,0.429437,P3,0.429437,P. benedetti,-104.878861,19.61925
4,CB0520,P-35,P4,0.0913785,P3,0.429437,P. benedetti,-104.878861,19.61925
4,CB0520,P-35,P5,0.0488048,P3,0.429437,P. benedetti,-104.878861,19.61925
5,CB0543,PZ,P1,0.161486,P3,0.348279,P. benedetti,-104.802722,19.658917
5,CB0543,PZ,P2,0.309825,P3,0.348279,P. benedetti,-104.802722,19.658917
5,CB0543,PZ,P3,0.348279,P3,0.348279,P. benedetti,-104.802722,19.658917
5,CB0543,PZ,P4,0.100049,P3,0.348279,P. benedetti,-104.802722,19.658917
5,CB0543,PZ,P5,0.0803623,P3,0.348279,P. benedetti,-104.802722,19.658917
5,CB0544,PZ,P1,0.141013,P3,0.396863,P. benedetti,-104.802722,19.658917
5,CB0544,PZ,P2,0.277728,P3,0.396863,P. benedetti,-104.802722,19.658917
5,CB0544,PZ,P3,0.396863,P3,0.396863,P. benedetti,-104.802722,19.658917
5,CB0544,PZ,P4,0.0994348,P3,0.396863,P. benedetti,-104.802722,19.658917
5,CB0544,PZ,P5,0.0849612,P3,0.396863,P. benedetti,-104.802722,19.658917
5,CB0545,PZ,P1,0.0750786,P3,0.651891,P. benedetti,-104.802722,19.658917
5,CB0545,PZ,P2,0.17622,P3,0.651891,P. benedetti,-104.802722,19.658917
5,CB0545,PZ,P3,0.651891,P3,0.651891,P. benedetti,-104.802722,19.658917
5,CB0545,PZ,P4,0.0530006,P3,0.651891,P. benedetti,-104.802722,19.658917
5,CB0545,PZ,P5,0.0438096,P3,0.651891,P. benedetti,-104.802722,19.658917
5,CB0546,PZ,P1,0.14164,P3,0.384929,P. benedetti,-104.802722,19.658917
5,CB0546,PZ,P2,0.284682,P3,0.384929,P. benedetti,-104.802722,19.658917
5,CB0546,PZ,P3,0.384929,P3,0.384929,P. benedetti,-104.802722,19.658917
5,CB0546,PZ,P4,0.102523,P3,0.384929,P. benedetti,-104.802722,19.658917
5,CB0546,PZ,P5,0.0862257,P3,0.384929,P. benedetti,-104.802722,19.658917
5,CB0547,PZ,P1,0.137255,P3,0.430298,P. benedetti,-104.802722,19.658917
5,CB0547,PZ,P2,0.258184,P3,0.430298,P. benedetti,-104.802722,19.658917
5,CB0547,PZ,P3,0.430298,P3,0.430298,P. benedetti,-104.802722,19.658917
5,CB0547,PZ,P4,0.10214,P3,0.430298,P. benedetti,-104.802722,19.658917
5,CB0547,PZ,P5,0.0721237,P3,0.430298,P. benedetti,-104.802722,19.658917
5,CB0548,PZ,P1,1e-4,P3,0.98636,P. benedetti,-104.802722,19.658917
5,CB0548,PZ,P2,1e-4,P3,0.98636,P. benedetti,-104.802722,19.658917
5,CB0548,PZ,P3,0.98636,P3,0.98636,P. benedetti,-104.802722,19.658917
5,CB0548,PZ,P4,1e-4,P3,0.98636,P. benedetti,-104.802722,19.658917
5,CB0548,PZ,P5,0.0133406,P3,0.98636,P. benedetti,-104.802722,19.658917
5,CB0549,PZ,P1,1e-4,P3,0.9996,P. benedetti,-104.802722,19.658917
5,CB0549,PZ,P2,1e-4,P3,0.9996,P. benedetti,-104.802722,19.658917
5,CB0549,PZ,P3,0.9996,P3,0.9996,P. benedetti,-104.802722,19.658917
5,CB0549,PZ,P4,1e-4,P3,0.9996,P. benedetti,-104.802722,19.658917
5,CB0549,PZ,P5,1e-4,P3,0.9996,P. benedetti,-104.802722,19.658917
5,CB0550,PZ,P1,0.0495004,P3,0.945692,P. benedetti,-104.802722,19.658917
5,CB0550,PZ,P2,1e-4,P3,0.945692,P. benedetti,-104.802722,19.658917
5,CB0550,PZ,P3,0.945692,P3,0.945692,P. benedetti,-104.802722,19.658917
5,CB0550,PZ,P4,1e-4,P3,0.945692,P. benedetti,-104.802722,19.658917
5,CB0550,PZ,P5,0.00460798,P3,0.945692,P. benedetti,-104.802722,19.658917
5,CB0551,PZ,P1,0.0416064,P3,0.876938,P. benedetti,-104.802722,19.658917
5,CB0551,PZ,P2,0.0437083,P3,0.876938,P. benedetti,-104.802722,19.658917
5,CB0551,PZ,P3,0.876938,P3,0.876938,P. benedetti,-104.802722,19.658917
5,CB0551,PZ,P4,0.00691121,P3,0.876938,P. benedetti,-104.802722,19.658917
5,CB0551,PZ,P5,0.0308359,P3,0.876938,P. benedetti,-104.802722,19.658917
5,CB0552,PZ,P1,0.104301,P3,0.598997,P. benedetti,-104.802722,19.658917
5,CB0552,PZ,P2,0.167542,P3,0.598997,P. benedetti,-104.802722,19.658917
5,CB0552,PZ,P3,0.598997,P3,0.598997,P. benedetti,-104.802722,19.658917
5,CB0552,PZ,P4,0.0692569,P3,0.598997,P. benedetti,-104.802722,19.658917
5,CB0552,PZ,P5,0.0599037,P3,0.598997,P. benedetti,-104.802722,19.658917
5,CB0553,PZ,P1,0.109548,P3,0.561735,P. benedetti,-104.802722,19.658917
5,CB0553,PZ,P2,0.19094,P3,0.561735,P. benedetti,-104.802722,19.658917
5,CB0553,PZ,P3,0.561735,P3,0.561735,P. benedetti,-104.802722,19.658917
5,CB0553,PZ,P4,0.0620572,P3,0.561735,P. benedetti,-104.802722,19.658917
5,CB0553,PZ,P5,0.07572,P3,0.561735,P. benedetti,-104.802722,19.658917
5,CB0554,PZ,P1,1e-4,P3,0.964067,P. benedetti,-104.802722,19.658917
5,CB0554,PZ,P2,1e-4,P3,0.964067,P. benedetti,-104.802722,19.658917
5,CB0554,PZ,P3,0.964067,P3,0.964067,P. benedetti,-104.802722,19.658917
5,CB0554,PZ,P4,1e-4,P3,0.964067,P. benedetti,-104.802722,19.658917
5,CB0554,PZ,P5,0.0356329,P3,0.964067,P. benedetti,-104.802722,19.658917
5,CB0555,PZ,P1,1e-4,P3,0.997735,P. benedetti,-104.802722,19.658917
5,CB0555,PZ,P2,1e-4,P3,0.997735,P. benedetti,-104.802722,19.658917
5,CB0555,PZ,P3,0.997735,P3,0.997735,P. benedetti,-104.802722,19.658917
5,CB0555,PZ,P4,1e-4,P3,0.997735,P. benedetti,-104.802722,19.658917
5,CB0555,PZ,P5,0.0019651,P3,0.997735,P. benedetti,-104.802722,19.658917
5,CB0556,PZ,P1,0.131524,P3,0.50574,P. benedetti,-104.802722,19.658917
5,CB0556,PZ,P2,0.216862,P3,0.50574,P. benedetti,-104.802722,19.658917
5,CB0556,PZ,P3,0.50574,P3,0.50574,P. benedetti,-104.802722,19.658917
5,CB0556,PZ,P4,0.0801411,P3,0.50574,P. benedetti,-104.802722,19.658917
5,CB0556,PZ,P5,0.0657327,P3,0.50574,P. benedetti,-104.802722,19.658917
5,CB0557,PZ,P1,0.0410649,P3,0.695817,P. benedetti,-104.802722,19.658917
5,CB0557,PZ,P2,0.160281,P3,0.695817,P. benedetti,-104.802722,19.658917
5,CB0557,PZ,P3,0.695817,P3,0.695817,P. benedetti,-104.802722,19.658917
5,CB0557,PZ,P4,0.0541192,P3,0.695817,P. benedetti,-104.802722,19.658917
5,CB0557,PZ,P5,0.0487177,P3,0.695817,P. benedetti,-104.802722,19.658917
5,CB0559,PZ,P1,0.0918569,P3,0.758362,P. benedetti,-104.802722,19.658917
5,CB0559,PZ,P2,0.0863501,P3,0.758362,P. benedetti,-104.802722,19.658917
5,CB0559,PZ,P3,0.758362,P3,0.758362,P. benedetti,-104.802722,19.658917
5,CB0559,PZ,P4,0.0261962,P3,0.758362,P. benedetti,-104.802722,19.658917
5,CB0559,PZ,P5,0.0372352,P3,0.758362,P. benedetti,-104.802722,19.658917
5,CB0561,PZ,P1,1e-4,P3,0.9996,P. benedetti,-104.802722,19.658917
5,CB0561,PZ,P2,1e-4,P3,0.9996,P. benedetti,-104.802722,19.658917
5,CB0561,PZ,P3,0.9996,P3,0.9996,P. benedetti,-104.802722,19.658917
5,CB0561,PZ,P4,1e-4,P3,0.9996,P. benedetti,-104.802722,19.658917
5,CB0561,PZ,P5,1e-4,P3,0.9996,P. benedetti,-104.802722,19.658917
6,CB0573,CH,P1,1e-4,P5,0.962066,P. benedetti,-104.518139,19.247167
6,CB0573,CH,P2,0.00677723,P5,0.962066,P. benedetti,-104.518139,19.247167
6,CB0573,CH,P3,0.0249613,P5,0.962066,P. benedetti,-104.518139,19.247167
6,CB0573,CH,P4,0.00609528,P5,0.962066,P. benedetti,-104.518139,19.247167
6,CB0573,CH,P5,0.962066,P5,0.962066,P. benedetti,-104.518139,19.247167
6,CB0574,CH,P1,2.96749e-4,P5,0.80127,P. benedetti,-104.518139,19.247167
6,CB0574,CH,P2,0.0928046,P5,0.80127,P. benedetti,-104.518139,19.247167
6,CB0574,CH,P3,0.0650311,P5,0.80127,P. benedetti,-104.518139,19.247167
6,CB0574,CH,P4,0.0405979,P5,0.80127,P. benedetti,-104.518139,19.247167
6,CB0574,CH,P5,0.80127,P5,0.80127,P. benedetti,-104.518139,19.247167
6,CB0576,CH,P1,0.0537555,P5,0.694046,P. benedetti,-104.518139,19.247167
6,CB0576,CH,P2,0.126331,P5,0.694046,P. benedetti,-104.518139,19.247167
6,CB0576,CH,P3,0.0845043,P5,0.694046,P. benedetti,-104.518139,19.247167
6,CB0576,CH,P4,0.0413632,P5,0.694046,P. benedetti,-104.518139,19.247167
6,CB0576,CH,P5,0.694046,P5,0.694046,P. benedetti,-104.518139,19.247167
6,CB0577,CH,P1,0.106738,P2,0.293482,P. benedetti,-104.518139,19.247167
6,CB0577,CH,P2,0.293482,P2,0.293482,P. benedetti,-104.518139,19.247167
6,CB0577,CH,P3,0.288641,P2,0.293482,P. benedetti,-104.518139,19.247167
6,CB0577,CH,P4,0.104416,P2,0.293482,P. benedetti,-104.518139,19.247167
6,CB0577,CH,P5,0.206723,P2,0.293482,P. benedetti,-104.518139,19.247167
6,CB0578,CH,P1,0.0697522,P5,0.445137,P. benedetti,-104.518139,19.247167
6,CB0578,CH,P2,0.207395,P5,0.445137,P. benedetti,-104.518139,19.247167
6,CB0578,CH,P3,0.205127,P5,0.445137,P. benedetti,-104.518139,19.247167
6,CB0578,CH,P4,0.072588,P5,0.445137,P. benedetti,-104.518139,19.247167
6,CB0578,CH,P5,0.445137,P5,0.445137,P. benedetti,-104.518139,19.247167
6,CB0579,CH,P1,0.0545997,P5,0.530321,P. benedetti,-104.518139,19.247167
6,CB0579,CH,P2,0.170788,P5,0.530321,P. benedetti,-104.518139,19.247167
6,CB0579,CH,P3,0.190599,P5,0.530321,P. benedetti,-104.518139,19.247167
6,CB0579,CH,P4,0.0536936,P5,0.530321,P. benedetti,-104.518139,19.247167
6,CB0579,CH,P5,0.530321,P5,0.530321,P. benedetti,-104.518139,19.247167
6,CB0584,CH,P1,0.0665268,P5,0.424803,P. benedetti,-104.518139,19.247167
6,CB0584,CH,P2,0.221441,P5,0.424803,P. benedetti,-104.518139,19.247167
6,CB0584,CH,P3,0.217706,P5,0.424803,P. benedetti,-104.518139,19.247167
6,CB0584,CH,P4,0.0695232,P5,0.424803,P. benedetti,-104.518139,19.247167
6,CB0584,CH,P5,0.424803,P5,0.424803,P. benedetti,-104.518139,19.247167
6,CB0586,CH,P1,0.11746,P2,0.297519,P. benedetti,-104.518139,19.247167
6,CB0586,CH,P2,0.297519,P2,0.297519,P. benedetti,-104.518139,19.247167
6,CB0586,CH,P3,0.294456,P2,0.297519,P. benedetti,-104.518139,19.247167
6,CB0586,CH,P4,0.105065,P2,0.297519,P. benedetti,-104.518139,19.247167
6,CB0586,CH,P5,0.185501,P2,0.297519,P. benedetti,-104.518139,19.247167
6,CB0588,CH,P1,0.125218,P3,0.298212,P. benedetti,-104.518139,19.247167
6,CB0588,CH,P2,0.296931,P3,0.298212,P. benedetti,-104.518139,19.247167
6,CB0588,CH,P3,0.298212,P3,0.298212,P. benedetti,-104.518139,19.247167
6,CB0588,CH,P4,0.107577,P3,0.298212,P. benedetti,-104.518139,19.247167
6,CB0588,CH,P5,0.172061,P3,0.298212,P. benedetti,-104.518139,19.247167
6,CB0589,CH,P1,1e-4,P5,0.9996,P. benedetti,-104.518139,19.247167
6,CB0589,CH,P2,1e-4,P5,0.9996,P. benedetti,-104.518139,19.247167
6,CB0589,CH,P3,1e-4,P5,0.9996,P. benedetti,-104.518139,19.247167
6,CB0589,CH,P4,1e-4,P5,0.9996,P. benedetti,-104.518139,19.247167
6,CB0589,CH,P5,0.9996,P5,0.9996,P. benedetti,-104.518139,19.247167
6,CB0590,CH,P1,0.101439,P5,0.367385,P. benedetti,-104.518139,19.247167
6,CB0590,CH,P2,0.216791,P5,0.367385,P. benedetti,-104.518139,19.247167
6,CB0590,CH,P3,0.238261,P5,0.367385,P. benedetti,-104.518139,19.247167
6,CB0590,CH,P4,0.0761247,P5,0.367385,P. benedetti,-104.518139,19.247167
6,CB0590,CH,P5,0.367385,P5,0.367385,P. benedetti,-104.518139,19.247167
6,CB0591,CH,P1,0.114209,P2,0.316479,P. benedetti,-104.518139,19.247167
6,CB0591,CH,P2,0.316479,P2,0.316479,P. benedetti,-104.518139,19.247167
6,CB0591,CH,P3,0.314382,P2,0.316479,P. benedetti,-104.518139,19.247167
6,CB0591,CH,P4,0.103208,P2,0.316479,P. benedetti,-104.518139,19.247167
6,CB0591,CH,P5,0.151721,P2,0.316479,P. benedetti,-104.518139,19.247167
6,CB0593,CH,P1,1e-4,P5,0.9996,P. benedetti,-104.518139,19.247167
6,CB0593,CH,P2,1e-4,P5,0.9996,P. benedetti,-104.518139,19.247167
6,CB0593,CH,P3,1e-4,P5,0.9996,P. benedetti,-104.518139,19.247167
6,CB0593,CH,P4,1e-4,P5,0.9996,P. benedetti,-104.518139,19.247167
6,CB0593,CH,P5,0.9996,P5,0.9996,P. benedetti,-104.518139,19.247167
6,CB0598,CH,P1,1e-4,P5,0.9996,P. benedetti,-104.518139,19.247167
6,CB0598,CH,P2,1e-4,P5,0.9996,P. benedetti,-104.518139,19.247167
6,CB0598,CH,P3,1e-4,P5,0.9996,P. benedetti,-104.518139,19.247167
6,CB0598,CH,P4,1e-4,P5,0.9996,P. benedetti,-104.518139,19.247167
6,CB0598,CH,P5,0.9996,P5,0.9996,P. benedetti,-104.518139,19.247167
7,CB0603,PT,P1,0.639015,P1,0.639015,P. benedetti,-104.766306,19.289806
7,CB0603,PT,P2,0.130181,P1,0.639015,P. benedetti,-104.766306,19.289806
7,CB0603,PT,P3,0.128462,P1,0.639015,P. benedetti,-104.766306,19.289806
7,CB0603,PT,P4,0.0375984,P1,0.639015,P. benedetti,-104.766306,19.289806
7,CB0603,PT,P5,0.0647435,P1,0.639015,P. benedetti,-104.766306,19.289806
7,CB0605,PT,P1,0.308772,P1,0.308772,P. benedetti,-104.766306,19.289806
7,CB0605,PT,P2,0.261129,P1,0.308772,P. benedetti,-104.766306,19.289806
7,CB0605,PT,P3,0.276518,P1,0.308772,P. benedetti,-104.766306,19.289806
7,CB0605,PT,P4,0.0878132,P1,0.308772,P. benedetti,-104.766306,19.289806
7,CB0605,PT,P5,0.0657678,P1,0.308772,P. benedetti,-104.766306,19.289806
7,CB0607,PT,P1,0.550253,P1,0.550253,P. benedetti,-104.766306,19.289806
7,CB0607,PT,P2,0.166664,P1,0.550253,P. benedetti,-104.766306,19.289806
7,CB0607,PT,P3,0.182931,P1,0.550253,P. benedetti,-104.766306,19.289806
7,CB0607,PT,P4,0.0551167,P1,0.550253,P. benedetti,-104.766306,19.289806
7,CB0607,PT,P5,0.0450357,P1,0.550253,P. benedetti,-104.766306,19.289806
7,CB0608,PT,P1,0.9996,P1,0.9996,P. benedetti,-104.766306,19.289806
7,CB0608,PT,P2,1e-4,P1,0.9996,P. benedetti,-104.766306,19.289806
7,CB0608,PT,P3,1e-4,P1,0.9996,P. benedetti,-104.766306,19.289806
7,CB0608,PT,P4,1e-4,P1,0.9996,P. benedetti,-104.766306,19.289806
7,CB0608,PT,P5,1e-4,P1,0.9996,P. benedetti,-104.766306,19.289806
7,CB0610,PT,P1,0.330309,P1,0.330309,P. benedetti,-104.766306,19.289806
7,CB0610,PT,P2,0.246129,P1,0.330309,P. benedetti,-104.766306,19.289806
7,CB0610,PT,P3,0.264928,P1,0.330309,P. benedetti,-104.766306,19.289806
7,CB0610,PT,P4,0.0879023,P1,0.330309,P. benedetti,-104.766306,19.289806
7,CB0610,PT,P5,0.0707322,P1,0.330309,P. benedetti,-104.766306,19.289806
7,CB0611,PT,P1,0.553521,P1,0.553521,P. benedetti,-104.766306,19.289806
7,CB0611,PT,P2,0.176566,P1,0.553521,P. benedetti,-104.766306,19.289806
7,CB0611,PT,P3,0.163583,P1,0.553521,P. benedetti,-104.766306,19.289806
7,CB0611,PT,P4,0.0640066,P1,0.553521,P. benedetti,-104.766306,19.289806
7,CB0611,PT,P5,0.0423234,P1,0.553521,P. benedetti,-104.766306,19.289806
7,CB0612,PT,P1,0.863649,P1,0.863649,P. benedetti,-104.766306,19.289806
7,CB0612,PT,P2,0.0344987,P1,0.863649,P. benedetti,-104.766306,19.289806
7,CB0612,PT,P3,0.0490726,P1,0.863649,P. benedetti,-104.766306,19.289806
7,CB0612,PT,P4,0.0105474,P1,0.863649,P. benedetti,-104.766306,19.289806
7,CB0612,PT,P5,0.0422321,P1,0.863649,P. benedetti,-104.766306,19.289806
7,CB0613,PT,P1,0.354489,P1,0.354489,P. benedetti,-104.766306,19.289806
7,CB0613,PT,P2,0.211738,P1,0.354489,P. benedetti,-104.766306,19.289806
7,CB0613,PT,P3,0.274354,P1,0.354489,P. benedetti,-104.766306,19.289806
7,CB0613,PT,P4,0.0786224,P1,0.354489,P. benedetti,-104.766306,19.289806
7,CB0613,PT,P5,0.0807968,P1,0.354489,P. benedetti,-104.766306,19.289806
7,CB0614,PT,P1,0.948595,P1,0.948595,P. benedetti,-104.766306,19.289806
7,CB0614,PT,P2,0.0223877,P1,0.948595,P. benedetti,-104.766306,19.289806
7,CB0614,PT,P3,0.0142761,P1,0.948595,P. benedetti,-104.766306,19.289806
7,CB0614,PT,P4,0.0146411,P1,0.948595,P. benedetti,-104.766306,19.289806
7,CB0614,PT,P5,1e-4,P1,0.948595,P. benedetti,-104.766306,19.289806
7,CB0615,PT,P1,0.973732,P1,0.973732,P. benedetti,-104.766306,19.289806
7,CB0615,PT,P2,1e-4,P1,0.973732,P. benedetti,-104.766306,19.289806
7,CB0615,PT,P3,1e-4,P1,0.973732,P. benedetti,-104.766306,19.289806
7,CB0615,PT,P4,1e-4,P1,0.973732,P. benedetti,-104.766306,19.289806
7,CB0615,PT,P5,0.0259679,P1,0.973732,P. benedetti,-104.766306,19.289806
7,CB0616,PT,P1,0.952586,P1,0.952586,P. benedetti,-104.766306,19.289806
7,CB0616,PT,P2,0.00960128,P1,0.952586,P. benedetti,-104.766306,19.289806
7,CB0616,PT,P3,0.0317624,P1,0.952586,P. benedetti,-104.766306,19.289806
7,CB0616,PT,P4,0.0050341,P1,0.952586,P. benedetti,-104.766306,19.289806
7,CB0616,PT,P5,0.00101631,P1,0.952586,P. benedetti,-104.766306,19.289806
7,CB0617,PT,P1,0.321697,P1,0.321697,P. benedetti,-104.766306,19.289806
7,CB0617,PT,P2,0.241539,P1,0.321697,P. benedetti,-104.766306,19.289806
7,CB0617,PT,P3,0.273048,P1,0.321697,P. benedetti,-104.766306,19.289806
7,CB0617,PT,P4,0.0800931,P1,0.321697,P. benedetti,-104.766306,19.289806
7,CB0617,PT,P5,0.0836222,P1,0.321697,P. benedetti,-104.766306,19.289806
7,CB0618,PT,P1,0.387675,P1,0.387675,P. benedetti,-104.766306,19.289806
7,CB0618,PT,P2,0.209316,P1,0.387675,P. benedetti,-104.766306,19.289806
7,CB0618,PT,P3,0.249443,P1,0.387675,P. benedetti,-104.766306,19.289806
7,CB0618,PT,P4,0.0726462,P1,0.387675,P. benedetti,-104.766306,19.289806
7,CB0618,PT,P5,0.08092,P1,0.387675,P. benedetti,-104.766306,19.289806
7,CB0620,PT,P1,0.2991,P1,0.2991,P. benedetti,-104.766306,19.289806
7,CB0620,PT,P2,0.261604,P1,0.2991,P. benedetti,-104.766306,19.289806
7,CB0620,PT,P3,0.262593,P1,0.2991,P. benedetti,-104.766306,19.289806
7,CB0620,PT,P4,0.0879205,P1,0.2991,P. benedetti,-104.766306,19.289806
7,CB0620,PT,P5,0.0887832,P1,0.2991,P. benedetti,-104.766306,19.289806
7,CB0621,PT,P1,0.9996,P1,0.9996,P. benedetti,-104.766306,19.289806
7,CB0621,PT,P2,1e-4,P1,0.9996,P. benedetti,-104.766306,19.289806
7,CB0621,PT,P3,1e-4,P1,0.9996,P. benedetti,-104.766306,19.289806
7,CB0621,PT,P4,1e-4,P1,0.9996,P. benedetti,-104.766306,19.289806
7,CB0621,PT,P5,1e-4,P1,0.9996,P. benedetti,-104.766306,19.289806
7,CB0622,PT,P1,0.9996,P1,0.9996,P. benedetti,-104.766306,19.289806
7,CB0622,PT,P2,1e-4,P1,0.9996,P. benedetti,-104.766306,19.289806
7,CB0622,PT,P3,1e-4,P1,0.9996,P. benedetti,-104.766306,19.289806
7,CB0622,PT,P4,1e-4,P1,0.9996,P. benedetti,-104.766306,19.289806
7,CB0622,PT,P5,1e-4,P1,0.9996,P. benedetti,-104.766306,19.289806
7,CB0623,PT,P1,0.999211,P1,0.999211,P. benedetti,-104.766306,19.289806
7,CB0623,PT,P2,4.89557e-4,P1,0.999211,P. benedetti,-104.766306,19.289806
7,CB0623,PT,P3,1e-4,P1,0.999211,P. benedetti,-104.766306,19.289806
7,CB0623,PT,P4,1e-4,P1,0.999211,P. benedetti,-104.766306,19.289806
7,CB0623,PT,P5,1e-4,P1,0.999211,P. benedetti,-104.766306,19.289806
7,CB0625,PT,P1,0.650289,P1,0.650289,P. benedetti,-104.766306,19.289806
7,CB0625,PT,P2,0.118536,P1,0.650289,P. benedetti,-104.766306,19.289806
7,CB0625,PT,P3,0.170715,P1,0.650289,P. benedetti,-104.766306,19.289806
7,CB0625,PT,P4,0.0394899,P1,0.650289,P. benedetti,-104.766306,19.289806
7,CB0625,PT,P5,0.0209704,P1,0.650289,P. benedetti,-104.766306,19.289806
7,CB0626,PT,P1,0.849814,P1,0.849814,P. benedetti,-104.766306,19.289806
7,CB0626,PT,P2,0.0776419,P1,0.849814,P. benedetti,-104.766306,19.289806
7,CB0626,PT,P3,0.0410128,P1,0.849814,P. benedetti,-104.766306,19.289806
7,CB0626,PT,P4,0.0314312,P1,0.849814,P. benedetti,-104.766306,19.289806
7,CB0626,PT,P5,1e-4,P1,0.849814,P. benedetti,-104.766306,19.289806
7,CB0627,PT,P1,0.523445,P1,0.523445,P. benedetti,-104.766306,19.289806
7,CB0627,PT,P2,0.190614,P1,0.523445,P. benedetti,-104.766306,19.289806
7,CB0627,PT,P3,0.1817,P1,0.523445,P. benedetti,-104.766306,19.289806
7,CB0627,PT,P4,0.0613541,P1,0.523445,P. benedetti,-104.766306,19.289806
7,CB0627,PT,P5,0.0428868,P1,0.523445,P. benedetti,-104.766306,19.289806
8,CB0633,LS,P1,0.116093,P2,0.513881,P. benedetti,-104.932528,19.332889
8,CB0633,LS,P2,0.513881,P2,0.513881,P. benedetti,-104.932528,19.332889
8,CB0633,LS,P3,0.215961,P2,0.513881,P. benedetti,-104.932528,19.332889
8,CB0633,LS,P4,0.0816412,P2,0.513881,P. benedetti,-104.932528,19.332889
8,CB0633,LS,P5,0.0724238,P2,0.513881,P. benedetti,-104.932528,19.332889
8,CB0634,LS,P1,0.141227,P2,0.377111,P. benedetti,-104.932528,19.332889
8,CB0634,LS,P2,0.377111,P2,0.377111,P. benedetti,-104.932528,19.332889
8,CB0634,LS,P3,0.299116,P2,0.377111,P. benedetti,-104.932528,19.332889
8,CB0634,LS,P4,0.0969114,P2,0.377111,P. benedetti,-104.932528,19.332889
8,CB0634,LS,P5,0.085634,P2,0.377111,P. benedetti,-104.932528,19.332889
8,CB0635,LS,P1,0.122509,P2,0.83209,P. benedetti,-104.932528,19.332889
8,CB0635,LS,P2,0.83209,P2,0.83209,P. benedetti,-104.932528,19.332889
8,CB0635,LS,P3,0.0337009,P2,0.83209,P. benedetti,-104.932528,19.332889
8,CB0635,LS,P4,0.00198374,P2,0.83209,P. benedetti,-104.932528,19.332889
8,CB0635,LS,P5,0.00971582,P2,0.83209,P. benedetti,-104.932528,19.332889
8,CB0636,LS,P1,0.0928223,P2,0.795124,P. benedetti,-104.932528,19.332889
8,CB0636,LS,P2,0.795124,P2,0.795124,P. benedetti,-104.932528,19.332889
8,CB0636,LS,P3,0.0431906,P2,0.795124,P. benedetti,-104.932528,19.332889
8,CB0636,LS,P4,0.0261772,P2,0.795124,P. benedetti,-104.932528,19.332889
8,CB0636,LS,P5,0.0426864,P2,0.795124,P. benedetti,-104.932528,19.332889
8,CB0637,LS,P1,0.152328,P2,0.36137,P. benedetti,-104.932528,19.332889
8,CB0637,LS,P2,0.36137,P2,0.36137,P. benedetti,-104.932528,19.332889
8,CB0637,LS,P3,0.304764,P2,0.36137,P. benedetti,-104.932528,19.332889
8,CB0637,LS,P4,0.0999873,P2,0.36137,P. benedetti,-104.932528,19.332889
8,CB0637,LS,P5,0.0815511,P2,0.36137,P. benedetti,-104.932528,19.332889
8,CB0638,LS,P1,0.0075057,P2,0.992194,P. benedetti,-104.932528,19.332889
8,CB0638,LS,P2,0.992194,P2,0.992194,P. benedetti,-104.932528,19.332889
8,CB0638,LS,P3,1e-4,P2,0.992194,P. benedetti,-104.932528,19.332889
8,CB0638,LS,P4,1e-4,P2,0.992194,P. benedetti,-104.932528,19.332889
8,CB0638,LS,P5,1e-4,P2,0.992194,P. benedetti,-104.932528,19.332889
8,CB0639,LS,P1,0.0183141,P2,0.968042,P. benedetti,-104.932528,19.332889
8,CB0639,LS,P2,0.968042,P2,0.968042,P. benedetti,-104.932528,19.332889
8,CB0639,LS,P3,1e-4,P2,0.968042,P. benedetti,-104.932528,19.332889
8,CB0639,LS,P4,1e-4,P2,0.968042,P. benedetti,-104.932528,19.332889
8,CB0639,LS,P5,0.013444,P2,0.968042,P. benedetti,-104.932528,19.332889
8,CB0640,LS,P1,0.126151,P2,0.52453,P. benedetti,-104.932528,19.332889
8,CB0640,LS,P2,0.52453,P2,0.52453,P. benedetti,-104.932528,19.332889
8,CB0640,LS,P3,0.179786,P2,0.52453,P. benedetti,-104.932528,19.332889
8,CB0640,LS,P4,0.0891334,P2,0.52453,P. benedetti,-104.932528,19.332889
8,CB0640,LS,P5,0.0803994,P2,0.52453,P. benedetti,-104.932528,19.332889
8,CB0641,LS,P1,0.0533141,P2,0.787128,P. benedetti,-104.932528,19.332889
8,CB0641,LS,P2,0.787128,P2,0.787128,P. benedetti,-104.932528,19.332889
8,CB0641,LS,P3,0.0492418,P2,0.787128,P. benedetti,-104.932528,19.332889
8,CB0641,LS,P4,0.0383672,P2,0.787128,P. benedetti,-104.932528,19.332889
8,CB0641,LS,P5,0.0719491,P2,0.787128,P. benedetti,-104.932528,19.332889
8,CB0642,LS,P1,0.116413,P2,0.394447,P. benedetti,-104.932528,19.332889
8,CB0642,LS,P2,0.394447,P2,0.394447,P. benedetti,-104.932528,19.332889
8,CB0642,LS,P3,0.302586,P2,0.394447,P. benedetti,-104.932528,19.332889
8,CB0642,LS,P4,0.0978829,P2,0.394447,P. benedetti,-104.932528,19.332889
8,CB0642,LS,P5,0.0886712,P2,0.394447,P. benedetti,-104.932528,19.332889
8,CB0643,LS,P1,1e-4,P2,0.972257,P. benedetti,-104.932528,19.332889
8,CB0643,LS,P2,0.972257,P2,0.972257,P. benedetti,-104.932528,19.332889
8,CB0643,LS,P3,1e-4,P2,0.972257,P. benedetti,-104.932528,19.332889
8,CB0643,LS,P4,1e-4,P2,0.972257,P. benedetti,-104.932528,19.332889
8,CB0643,LS,P5,0.027443,P2,0.972257,P. benedetti,-104.932528,19.332889
8,CB0644,LS,P1,0.056070300000000003,P2,0.849586,P. benedetti,-104.932528,19.332889
8,CB0644,LS,P2,0.849586,P2,0.849586,P. benedetti,-104.932528,19.332889
8,CB0644,LS,P3,0.0214496,P2,0.849586,P. benedetti,-104.932528,19.332889
8,CB0644,LS,P4,0.0393171,P2,0.849586,P. benedetti,-104.932528,19.332889
8,CB0644,LS,P5,0.0335768,P2,0.849586,P. benedetti,-104.932528,19.332889
8,CB0645,LS,P1,0.109932,P2,0.527014,P. benedetti,-104.932528,19.332889
8,CB0645,LS,P2,0.527014,P2,0.527014,P. benedetti,-104.932528,19.332889
8,CB0645,LS,P3,0.213266,P2,0.527014,P. benedetti,-104.932528,19.332889
8,CB0645,LS,P4,0.0757758,P2,0.527014,P. benedetti,-104.932528,19.332889
8,CB0645,LS,P5,0.0740131,P2,0.527014,P. benedetti,-104.932528,19.332889
8,CB0646,LS,P1,0.165355,P2,0.347398,P. benedetti,-104.932528,19.332889
8,CB0646,LS,P2,0.347398,P2,0.347398,P. benedetti,-104.932528,19.332889
8,CB0646,LS,P3,0.304699,P2,0.347398,P. benedetti,-104.932528,19.332889
8,CB0646,LS,P4,0.103944,P2,0.347398,P. benedetti,-104.932528,19.332889
8,CB0646,LS,P5,0.0786039,P2,0.347398,P. benedetti,-104.932528,19.332889
8,CB0647,LS,P1,0.102418,P2,0.45956,P. benedetti,-104.932528,19.332889
8,CB0647,LS,P2,0.45956,P2,0.45956,P. benedetti,-104.932528,19.332889
8,CB0647,LS,P3,0.263907,P2,0.45956,P. benedetti,-104.932528,19.332889
8,CB0647,LS,P4,0.081778,P2,0.45956,P. benedetti,-104.932528,19.332889
8,CB0647,LS,P5,0.0923374,P2,0.45956,P. benedetti,-104.932528,19.332889
8,CB0648,LS,P1,0.0540095,P2,0.945691,P. benedetti,-104.932528,19.332889
8,CB0648,LS,P2,0.945691,P2,0.945691,P. benedetti,-104.932528,19.332889
8,CB0648,LS,P3,1e-4,P2,0.945691,P. benedetti,-104.932528,19.332889
8,CB0648,LS,P4,1e-4,P2,0.945691,P. benedetti,-104.932528,19.332889
8,CB0648,LS,P5,1e-4,P2,0.945691,P. benedetti,-104.932528,19.332889
8,CB0649,LS,P1,0.111267,P2,0.494451,P. benedetti,-104.932528,19.332889
8,CB0649,LS,P2,0.494451,P2,0.494451,P. benedetti,-104.932528,19.332889
8,CB0649,LS,P3,0.229772,P2,0.494451,P. benedetti,-104.932528,19.332889
8,CB0649,LS,P4,0.0822832,P2,0.494451,P. benedetti,-104.932528,19.332889
8,CB0649,LS,P5,0.0822266,P2,0.494451,P. benedetti,-104.932528,19.332889
8,CB0650,LS,P1,0.139737,P2,0.418438,P. benedetti,-104.932528,19.332889
8,CB0650,LS,P2,0.418438,P2,0.418438,P. benedetti,-104.932528,19.332889
8,CB0650,LS,P3,0.26977,P2,0.418438,P. benedetti,-104.932528,19.332889
8,CB0650,LS,P4,0.0870679,P2,0.418438,P. benedetti,-104.932528,19.332889
8,CB0650,LS,P5,0.0849872,P2,0.418438,P. benedetti,-104.932528,19.332889
8,CB0651,LS,P1,1e-4,P2,0.9996,P. benedetti,-104.932528,19.332889
8,CB0651,LS,P2,0.9996,P2,0.9996,P. benedetti,-104.932528,19.332889
8,CB0651,LS,P3,1e-4,P2,0.9996,P. benedetti,-104.932528,19.332889
8,CB0651,LS,P4,1e-4,P2,0.9996,P. benedetti,-104.932528,19.332889
8,CB0651,LS,P5,1e-4,P2,0.9996,P. benedetti,-104.932528,19.332889
8,CB0652,LS,P1,0.0243005,P2,0.946271,P. benedetti,-104.932528,19.332889
8,CB0652,LS,P2,0.946271,P2,0.946271,P. benedetti,-104.932528,19.332889
8,CB0652,LS,P3,1e-4,P2,0.946271,P. benedetti,-104.932528,19.332889
8,CB0652,LS,P4,0.0136897,P2,0.946271,P. benedetti,-104.932528,19.332889
8,CB0652,LS,P5,0.0156391,P2,0.946271,P. benedetti,-104.932528,19.332889
8,CB0653,LS,P1,0.140363,P2,0.512846,P. benedetti,-104.932528,19.332889
8,CB0653,LS,P2,0.512846,P2,0.512846,P. benedetti,-104.932528,19.332889
8,CB0653,LS,P3,0.218036,P2,0.512846,P. benedetti,-104.932528,19.332889
8,CB0653,LS,P4,0.0664425,P2,0.512846,P. benedetti,-104.932528,19.332889
8,CB0653,LS,P5,0.0623125,P2,0.512846,P. benedetti,-104.932528,19.332889
8,CB0654,LS,P1,0.0453175,P2,0.901731,P. benedetti,-104.932528,19.332889
8,CB0654,LS,P2,0.901731,P2,0.901731,P. benedetti,-104.932528,19.332889
8,CB0654,LS,P3,1e-4,P2,0.901731,P. benedetti,-104.932528,19.332889
8,CB0654,LS,P4,0.0261095,P2,0.901731,P. benedetti,-104.932528,19.332889
8,CB0654,LS,P5,0.0267417,P2,0.901731,P. benedetti,-104.932528,19.332889
8,CB0655,LS,P1,0.133764,P2,0.357013,P. benedetti,-104.932528,19.332889
8,CB0655,LS,P2,0.357013,P2,0.357013,P. benedetti,-104.932528,19.332889
8,CB0655,LS,P3,0.313813,P2,0.357013,P. benedetti,-104.932528,19.332889
8,CB0655,LS,P4,0.0995764,P2,0.357013,P. benedetti,-104.932528,19.332889
8,CB0655,LS,P5,0.0958334,P2,0.357013,P. benedetti,-104.932528,19.332889
8,CB0656,LS,P1,0.171402,P3,0.330657,P. benedetti,-104.932528,19.332889
8,CB0656,LS,P2,0.321911,P3,0.330657,P. benedetti,-104.932528,19.332889
8,CB0656,LS,P3,0.330657,P3,0.330657,P. benedetti,-104.932528,19.332889
8,CB0656,LS,P4,0.0958035,P3,0.330657,P. benedetti,-104.932528,19.332889
8,CB0656,LS,P5,0.0802262,P3,0.330657,P. benedetti,-104.932528,19.332889
8,CB0659,LS,P1,0.0718942,P2,0.908162,P. benedetti,-104.932528,19.332889
8,CB0659,LS,P2,0.908162,P2,0.908162,P. benedetti,-104.932528,19.332889
8,CB0659,LS,P3,1e-4,P2,0.908162,P. benedetti,-104.932528,19.332889
8,CB0659,LS,P4,0.00163954,P2,0.908162,P. benedetti,-104.932528,19.332889
8,CB0659,LS,P5,0.0182047,P2,0.908162,P. benedetti,-104.932528,19.332889
8,CB0660,LS,P1,0.154456,P2,0.34151,P. benedetti,-104.932528,19.332889
8,CB0660,LS,P2,0.34151,P2,0.34151,P. benedetti,-104.932528,19.332889
8,CB0660,LS,P3,0.320134,P2,0.34151,P. benedetti,-104.932528,19.332889
8,CB0660,LS,P4,0.0956453,P2,0.34151,P. benedetti,-104.932528,19.332889
8,CB0660,LS,P5,0.0882544,P2,0.34151,P. benedetti,-104.932528,19.332889
8,CB0662,LS,P1,0.102783,P2,0.572622,P. benedetti,-104.932528,19.332889
8,CB0662,LS,P2,0.572622,P2,0.572622,P. benedetti,-104.932528,19.332889
8,CB0662,LS,P3,0.177251,P2,0.572622,P. benedetti,-104.932528,19.332889
8,CB0662,LS,P4,0.0703715,P2,0.572622,P. benedetti,-104.932528,19.332889
8,CB0662,LS,P5,0.0769717,P2,0.572622,P. benedetti,-104.932528,19.332889
9,CB0663,P-30,P1,1e-4,P3,0.944454,P. benedetti,-104.849972,19.611222
9,CB0663,P-30,P2,0.0552461,P3,0.944454,P. benedetti,-104.849972,19.611222
9,CB0663,P-30,P3,0.944454,P3,0.944454,P. benedetti,-104.849972,19.611222
9,CB0663,P-30,P4,1e-4,P3,0.944454,P. benedetti,-104.849972,19.611222
9,CB0663,P-30,P5,1e-4,P3,0.944454,P. benedetti,-104.849972,19.611222
9,CB0664,P-30,P1,0.0559944,P3,0.783256,P. benedetti,-104.849972,19.611222
9,CB0664,P-30,P2,0.087141,P3,0.783256,P. benedetti,-104.849972,19.611222
9,CB0664,P-30,P3,0.783256,P3,0.783256,P. benedetti,-104.849972,19.611222
9,CB0664,P-30,P4,0.0270674,P3,0.783256,P. benedetti,-104.849972,19.611222
9,CB0664,P-30,P5,0.0465411,P3,0.783256,P. benedetti,-104.849972,19.611222
9,CB0665,P-30,P1,1e-4,P3,0.873523,P. benedetti,-104.849972,19.611222
9,CB0665,P-30,P2,0.107742,P3,0.873523,P. benedetti,-104.849972,19.611222
9,CB0665,P-30,P3,0.873523,P3,0.873523,P. benedetti,-104.849972,19.611222
9,CB0665,P-30,P4,0.0164632,P3,0.873523,P. benedetti,-104.849972,19.611222
9,CB0665,P-30,P5,0.00217149,P3,0.873523,P. benedetti,-104.849972,19.611222
9,CB0667,P-30,P1,0.0451298,P3,0.87928,P. benedetti,-104.849972,19.611222
9,CB0667,P-30,P2,0.0596605,P3,0.87928,P. benedetti,-104.849972,19.611222
9,CB0667,P-30,P3,0.87928,P3,0.87928,P. benedetti,-104.849972,19.611222
9,CB0667,P-30,P4,0.0158294,P3,0.87928,P. benedetti,-104.849972,19.611222
9,CB0667,P-30,P5,1e-4,P3,0.87928,P. benedetti,-104.849972,19.611222
9,CB0668,P-30,P1,0.111925,P3,0.435359,P. benedetti,-104.849972,19.611222
9,CB0668,P-30,P2,0.280429,P3,0.435359,P. benedetti,-104.849972,19.611222
9,CB0668,P-30,P3,0.435359,P3,0.435359,P. benedetti,-104.849972,19.611222
9,CB0668,P-30,P4,0.0862397,P3,0.435359,P. benedetti,-104.849972,19.611222
9,CB0668,P-30,P5,0.0860467,P3,0.435359,P. benedetti,-104.849972,19.611222
9,CB0670,P-30,P1,0.0518269,P3,0.688462,P. benedetti,-104.849972,19.611222
9,CB0670,P-30,P2,0.13418,P3,0.688462,P. benedetti,-104.849972,19.611222
9,CB0670,P-30,P3,0.688462,P3,0.688462,P. benedetti,-104.849972,19.611222
9,CB0670,P-30,P4,0.0449952,P3,0.688462,P. benedetti,-104.849972,19.611222
9,CB0670,P-30,P5,0.0805353,P3,0.688462,P. benedetti,-104.849972,19.611222
9,CB0671,P-30,P1,0.094249,P3,0.59507,P. benedetti,-104.849972,19.611222
9,CB0671,P-30,P2,0.194648,P3,0.59507,P. benedetti,-104.849972,19.611222
9,CB0671,P-30,P3,0.59507,P3,0.59507,P. benedetti,-104.849972,19.611222
9,CB0671,P-30,P4,0.0618715,P3,0.59507,P. benedetti,-104.849972,19.611222
9,CB0671,P-30,P5,0.0541618,P3,0.59507,P. benedetti,-104.849972,19.611222
9,CB0672,P-30,P1,0.153652,P3,0.356955,P. benedetti,-104.849972,19.611222
9,CB0672,P-30,P2,0.307368,P3,0.356955,P. benedetti,-104.849972,19.611222
9,CB0672,P-30,P3,0.356955,P3,0.356955,P. benedetti,-104.849972,19.611222
9,CB0672,P-30,P4,0.0996238,P3,0.356955,P. benedetti,-104.849972,19.611222
9,CB0672,P-30,P5,0.0824011,P3,0.356955,P. benedetti,-104.849972,19.611222
9,CB0673,P-30,P1,0.107417,P3,0.472346,P. benedetti,-104.849972,19.611222
9,CB0673,P-30,P2,0.260229,P3,0.472346,P. benedetti,-104.849972,19.611222
9,CB0673,P-30,P3,0.472346,P3,0.472346,P. benedetti,-104.849972,19.611222
9,CB0673,P-30,P4,0.101853,P3,0.472346,P. benedetti,-104.849972,19.611222
9,CB0673,P-30,P5,0.0581549,P3,0.472346,P. benedetti,-104.849972,19.611222
9,CB0674,P-30,P1,0.10768900000000001,P3,0.513056,P. benedetti,-104.849972,19.611222
9,CB0674,P-30,P2,0.233456,P3,0.513056,P. benedetti,-104.849972,19.611222
9,CB0674,P-30,P3,0.513056,P3,0.513056,P. benedetti,-104.849972,19.611222
9,CB0674,P-30,P4,0.0773237,P3,0.513056,P. benedetti,-104.849972,19.611222
9,CB0674,P-30,P5,0.068476,P3,0.513056,P. benedetti,-104.849972,19.611222
9,CB0676,P-30,P1,0.0137164,P3,0.944745,P. benedetti,-104.849972,19.611222
9,CB0676,P-30,P2,0.0310694,P3,0.944745,P. benedetti,-104.849972,19.611222
9,CB0676,P-30,P3,0.944745,P3,0.944745,P. benedetti,-104.849972,19.611222
9,CB0676,P-30,P4,1e-4,P3,0.944745,P. benedetti,-104.849972,19.611222
9,CB0676,P-30,P5,0.0103691,P3,0.944745,P. benedetti,-104.849972,19.611222
9,CB0677,P-30,P1,0.0852646,P3,0.590538,P. benedetti,-104.849972,19.611222
9,CB0677,P-30,P2,0.197962,P3,0.590538,P. benedetti,-104.849972,19.611222
9,CB0677,P-30,P3,0.590538,P3,0.590538,P. benedetti,-104.849972,19.611222
9,CB0677,P-30,P4,0.068152,P3,0.590538,P. benedetti,-104.849972,19.611222
9,CB0677,P-30,P5,0.0580834,P3,0.590538,P. benedetti,-104.849972,19.611222
9,CB0678,P-30,P1,1e-4,P3,0.941594,P. benedetti,-104.849972,19.611222
9,CB0678,P-30,P2,0.0581064,P3,0.941594,P. benedetti,-104.849972,19.611222
9,CB0678,P-30,P3,0.941594,P3,0.941594,P. benedetti,-104.849972,19.611222
9,CB0678,P-30,P4,1e-4,P3,0.941594,P. benedetti,-104.849972,19.611222
9,CB0678,P-30,P5,1e-4,P3,0.941594,P. benedetti,-104.849972,19.611222
9,CB0679,P-30,P1,0.0744523,P3,0.596124,P. benedetti,-104.849972,19.611222
9,CB0679,P-30,P2,0.199098,P3,0.596124,P. benedetti,-104.849972,19.611222
9,CB0679,P-30,P3,0.596124,P3,0.596124,P. benedetti,-104.849972,19.611222
9,CB0679,P-30,P4,0.0656978,P3,0.596124,P. benedetti,-104.849972,19.611222
9,CB0679,P-30,P5,0.0646278,P3,0.596124,P. benedetti,-104.849972,19.611222
9,CB0680,P-30,P1,1e-4,P3,0.897077,P. benedetti,-104.849972,19.611222
9,CB0680,P-30,P2,0.0875348,P3,0.897077,P. benedetti,-104.849972,19.611222
9,CB0680,P-30,P3,0.897077,P3,0.897077,P. benedetti,-104.849972,19.611222
9,CB0680,P-30,P4,0.015188,P3,0.897077,P. benedetti,-104.849972,19.611222
9,CB0680,P-30,P5,1e-4,P3,0.897077,P. benedetti,-104.849972,19.611222
9,CB0681,P-30,P1,0.0944466,P3,0.720877,P. benedetti,-104.849972,19.611222
9,CB0681,P-30,P2,0.127439,P3,0.720877,P. benedetti,-104.849972,19.611222
9,CB0681,P-30,P3,0.720877,P3,0.720877,P. benedetti,-104.849972,19.611222
9,CB0681,P-30,P4,0.0297935,P3,0.720877,P. benedetti,-104.849972,19.611222
9,CB0681,P-30,P5,0.0274431,P3,0.720877,P. benedetti,-104.849972,19.611222
9,CB0682,P-30,P1,0.0556276,P3,0.844257,P. benedetti,-104.849972,19.611222
9,CB0682,P-30,P2,0.0763976,P3,0.844257,P. benedetti,-104.849972,19.611222
9,CB0682,P-30,P3,0.844257,P3,0.844257,P. benedetti,-104.849972,19.611222
9,CB0682,P-30,P4,0.0149062,P3,0.844257,P. benedetti,-104.849972,19.611222
9,CB0682,P-30,P5,0.00881166,P3,0.844257,P. benedetti,-104.849972,19.611222
9,CB0683,P-30,P1,0.0984423,P3,0.525403,P. benedetti,-104.849972,19.611222
9,CB0683,P-30,P2,0.223135,P3,0.525403,P. benedetti,-104.849972,19.611222
9,CB0683,P-30,P3,0.525403,P3,0.525403,P. benedetti,-104.849972,19.611222
9,CB0683,P-30,P4,0.0832854,P3,0.525403,P. benedetti,-104.849972,19.611222
9,CB0683,P-30,P5,0.0697342,P3,0.525403,P. benedetti,-104.849972,19.611222
9,CB0684,P-30,P1,0.0974466,P3,0.645296,P. benedetti,-104.849972,19.611222
9,CB0684,P-30,P2,0.177418,P3,0.645296,P. benedetti,-104.849972,19.611222
9,CB0684,P-30,P3,0.645296,P3,0.645296,P. benedetti,-104.849972,19.611222
9,CB0684,P-30,P4,0.0482601,P3,0.645296,P. benedetti,-104.849972,19.611222
9,CB0684,P-30,P5,0.031579,P3,0.645296,P. benedetti,-104.849972,19.611222
9,CB0685,P-30,P1,0.0172275,P3,0.920616,P. benedetti,-104.849972,19.611222
9,CB0685,P-30,P2,0.0288841,P3,0.920616,P. benedetti,-104.849972,19.611222
9,CB0685,P-30,P3,0.920616,P3,0.920616,P. benedetti,-104.849972,19.611222
9,CB0685,P-30,P4,1e-4,P3,0.920616,P. benedetti,-104.849972,19.611222
9,CB0685,P-30,P5,0.0331724,P3,0.920616,P. benedetti,-104.849972,19.611222
9,CB0686,P-30,P1,0.0924775,P3,0.523842,P. benedetti,-104.849972,19.611222
9,CB0686,P-30,P2,0.238163,P3,0.523842,P. benedetti,-104.849972,19.611222
9,CB0686,P-30,P3,0.523842,P3,0.523842,P. benedetti,-104.849972,19.611222
9,CB0686,P-30,P4,0.0716033,P3,0.523842,P. benedetti,-104.849972,19.611222
9,CB0686,P-30,P5,0.0739146,P3,0.523842,P. benedetti,-104.849972,19.611222
9,CB0687,P-30,P1,0.121636,P3,0.403404,P. benedetti,-104.849972,19.611222
9,CB0687,P-30,P2,0.291193,P3,0.403404,P. benedetti,-104.849972,19.611222
9,CB0687,P-30,P3,0.403404,P3,0.403404,P. benedetti,-104.849972,19.611222
9,CB0687,P-30,P4,0.0945367,P3,0.403404,P. benedetti,-104.849972,19.611222
9,CB0687,P-30,P5,0.0892308,P3,0.403404,P. benedetti,-104.849972,19.611222
9,CB0688,P-30,P1,0.0400259,P3,0.886183,P. benedetti,-104.849972,19.611222
9,CB0688,P-30,P2,0.0559526,P3,0.886183,P. benedetti,-104.849972,19.611222
9,CB0688,P-30,P3,0.886183,P3,0.886183,P. benedetti,-104.849972,19.611222
9,CB0688,P-30,P4,0.0102973,P3,0.886183,P. benedetti,-104.849972,19.611222
9,CB0688,P-30,P5,0.00754135,P3,0.886183,P. benedetti,-104.849972,19.611222
9,CB0689,P-30,P1,0.0945309,P3,0.5572,P. benedetti,-104.849972,19.611222
9,CB0689,P-30,P2,0.198608,P3,0.5572,P. benedetti,-104.849972,19.611222
9,CB0689,P-30,P3,0.5572,P3,0.5572,P. benedetti,-104.849972,19.611222
9,CB0689,P-30,P4,0.0653974,P3,0.5572,P. benedetti,-104.849972,19.611222
9,CB0689,P-30,P5,0.0842634,P3,0.5572,P. benedetti,-104.849972,19.611222
9,CB0690,P-30,P1,1e-4,P3,0.831839,P. benedetti,-104.849972,19.611222
9,CB0690,P-30,P2,0.124729,P3,0.831839,P. benedetti,-104.849972,19.611222
9,CB0690,P-30,P3,0.831839,P3,0.831839,P. benedetti,-104.849972,19.611222
9,CB0690,P-30,P4,0.0314744,P3,0.831839,P. benedetti,-104.849972,19.611222
9,CB0690,P-30,P5,0.0118572,P3,0.831839,P. benedetti,-104.849972,19.611222
